INSERT INTO CAMPUS VALUES (1, 'Campus Principal');
INSERT INTO CAMPUS VALUES (2, 'Campus Medecine');
INSERT INTO CAMPUS VALUES (3, 'Campus Longueur');

INSERT INTO PAVILLON VALUES('C1', 'J Armand Bombardier',1);
INSERT INTO PAVILLON VALUES('C2', 'J.-Armand-Bombardier',1);
INSERT INTO PAVILLON VALUES('D7', 'Centre universitaire de formation en environnement et developpement durable',1);

INSERT INTO caracteristique VALUES (0, 'Connexion à Internet');
INSERT INTO CARACTERISTIQUE VALUES (1, 'Tables fixes en U et chaises mobiles');
INSERT INTO CARACTERISTIQUE VALUES (2, 'Monoplaces');
INSERT INTO CARACTERISTIQUE VALUES (3, 'Tables fixes et chaises fixes');
INSERT INTO CARACTERISTIQUE VALUES (6, 'Tables pour 2 ou + et chaises mobiles');
INSERT INTO CARACTERISTIQUE VALUES (7, 'Tables mobiles et chaises mobiles');
INSERT INTO CARACTERISTIQUE VALUES (8, 'Tables hautes et chaises hautes');
INSERT INTO CARACTERISTIQUE VALUES (9, 'Tables fixes et chaises mobiles');
INSERT INTO CARACTERISTIQUE VALUES (11, 'Écran');
INSERT INTO CARACTERISTIQUE VALUES (14, 'Rétroprojecteur');
INSERT INTO CARACTERISTIQUE VALUES (15, 'Gradins');
INSERT INTO CARACTERISTIQUE VALUES (16, 'Fenêtres');
INSERT INTO CARACTERISTIQUE VALUES (17, '1 piano');
INSERT INTO CARACTERISTIQUE VALUES (18, '2 pianos');
INSERT INTO CARACTERISTIQUE VALUES (19, 'Autres instruments');
INSERT INTO CARACTERISTIQUE VALUES (20, 'Système de son');
INSERT INTO CARACTERISTIQUE VALUES (21, 'Salle réservée (spéciale)');
INSERT INTO CARACTERISTIQUE VALUES (22, 'Ordinateurs PC');
INSERT INTO CARACTERISTIQUE VALUES (23, 'Ordinateurs SUN pour génie électrique');
INSERT INTO CARACTERISTIQUE VALUES (24, 'PC');
INSERT INTO CARACTERISTIQUE VALUES (25, 'Ordinateurs (oscillomètre et multimètre)');
INSERT INTO CARACTERISTIQUE VALUES (26, 'Ordinateurs modélisation des structures');
INSERT INTO CARACTERISTIQUE VALUES (27, 'Ordinateurs PC');
INSERT INTO CARACTERISTIQUE VALUES (28, 'Équipement pour microélectronique');
INSERT INTO CARACTERISTIQUE VALUES (29, 'Équipement pour génie électrique');
INSERT INTO CARACTERISTIQUE VALUES (30, 'Ordinateurs et équipement pour mécatroni');
INSERT INTO CARACTERISTIQUE VALUES (31, 'Équipement métrologie');
INSERT INTO CARACTERISTIQUE VALUES (32, 'Équipement de machinerie');
INSERT INTO CARACTERISTIQUE VALUES (33, 'Équipement de géologie');
INSERT INTO CARACTERISTIQUE VALUES (34, 'Équipement pour la caractérisation');
INSERT INTO CARACTERISTIQUE VALUES (35, 'Équipement pour la thermodynamique');
INSERT INTO CARACTERISTIQUE VALUES (36, 'Équipement pour génie civil');
INSERT INTO CARACTERISTIQUE VALUES (37, 'Télévision');
INSERT INTO CARACTERISTIQUE VALUES (38, 'VHS');
INSERT INTO CARACTERISTIQUE VALUES (39, 'Hauts parleurs');
INSERT INTO CARACTERISTIQUE VALUES (40, 'Micro');
INSERT INTO CARACTERISTIQUE VALUES (41, 'Magnétophone à cassette');
INSERT INTO CARACTERISTIQUE VALUES (42, 'Amplificateur audio');
INSERT INTO CARACTERISTIQUE VALUES (43, 'Local barré');
INSERT INTO CARACTERISTIQUE VALUES (44, 'Prise réseau');

INSERT INTO fonction VALUES (0110, 'Salle de classe générale');
INSERT INTO fonction VALUES (0111, 'Salle de classe spécialisée');
INSERT INTO fonction VALUES (0112, 'Salle de séminaire');
INSERT INTO fonction VALUES (0113, 'Cubicules');
INSERT INTO fonction VALUES (0114, 'Laboratoire informatique');
INSERT INTO fonction VALUES (0115, 'Laboratoire denseignement spécialisé');
INSERT INTO fonction VALUES (0116, 'Atelier');
INSERT INTO fonction VALUES (0117, 'Salle à dessin');
INSERT INTO fonction VALUES (0118, 'Atelier (civil)');
INSERT INTO fonction VALUES (0119, ' Salle de musique');
INSERT INTO fonction VALUES (0120, 'Atelier sur 2 étages, conjoint avec autre local');
INSERT INTO fonction VALUES (0121, 'Salle de conférence');
INSERT INTO fonction VALUES (0123, 'Salle de réunion');
INSERT INTO fonction VALUES (0124, 'Salle dentrevue et de tests');
INSERT INTO fonction VALUES (0125, 'Salle de lecture ou de consultation');
INSERT INTO fonction VALUES (0126, 'Auditorium');
INSERT INTO fonction VALUES (0127, 'Salle de concert');
INSERT INTO fonction VALUES (0128, 'Salle daudience');
INSERT INTO fonction VALUES (0129, 'Salon du personnel');
INSERT INTO fonction VALUES (0130, 'Studio denregistrement');
INSERT INTO fonction VALUES (0131, 'Hall dentrée');

INSERT INTO LOCAL VALUES('C1', '1007', 21, 0110, 'Grand');
INSERT INTO LOCAL VALUES('C1', '2018', 10, 0111, 'Materiaux Composites');
INSERT INTO LOCAL VALUES('C1', '3041', 50, 0112);
INSERT INTO LOCAL VALUES('C1', '2055', 24, 0113);
INSERT INTO LOCAL VALUES('C1', '3014', 25, 0114, 'Laboratoire mecatronique');
INSERT INTO LOCAL VALUES('C1', '3027', 15, 0115, 'Petit laboratoire de elect');
INSERT INTO LOCAL VALUES('C1', '3016', 50, 0116);
INSERT INTO LOCAL VALUES('C1', '3018', 50, 0117);
INSERT INTO LOCAL VALUES('C1', '3024', 50, 0118);
INSERT INTO LOCAL VALUES('C1', '3035', 50, 0119);
INSERT INTO LOCAL VALUES('C1', '3007', 106, 0120, 'Avec console multi-media');
INSERT INTO LOCAL VALUES('C1', '3010', 30, 0121, 'Laboratoire de conception VLSI');
INSERT INTO LOCAL VALUES('C1', '4016', 91, 0123);
INSERT INTO LOCAL VALUES('C1', '4018', 10, 0123, 'Metallurgie');
INSERT INTO LOCAL VALUES('C1', '4019', 8, 0124, 'Laboratoire accessoire Atelier');
INSERT INTO LOCAL VALUES('C1', '4021', 28, 0125);
INSERT INTO LOCAL VALUES('C1', '4023', 108, 0126);
INSERT INTO LOCAL VALUES('C1', '4030', 25, 0127, 'Équipement photoelasticité');
INSERT INTO LOCAL VALUES('C1', '4028', 14,0128);
INSERT INTO LOCAL VALUES('C1', '4008', 106, 0129);
INSERT INTO LOCAL VALUES('C1', '5012', 35, 0130, '3 cubicules');
INSERT INTO LOCAL VALUES('C1', '5026', 38, 0131,'Ordinateurs');
INSERT INTO LOCAL VALUES('D7', '2018', 57, 0123);
INSERT INTO LOCAL VALUES('D7', '3001', 35, 0111);
INSERT INTO LOCAL VALUES('D7', '3002', 22, 0113);
INSERT INTO LOCAL VALUES('D7', '3007', 54, 0114);
INSERT INTO LOCAL VALUES('D7', '3009', 45,0115);
INSERT INTO LOCAL VALUES('D7', '3010', 21,0116);

INSERT INTO LOCALCARACTERISTIQUE VALUES (3016, 'C1', 0);
INSERT INTO LOCALCARACTERISTIQUE VALUES (3014, 'C1', 3);
INSERT INTO LOCALCARACTERISTIQUE VALUES (2018, 'D7', 7);

INSERT INTO DEPARTEMENT VALUES ('Genie electrique et Genie informatique', 'GEGI', 'C1');
INSERT INTO DEPARTEMENT VALUES ('Genie mecanique', 'GM', 'C1');
INSERT INTO DEPARTEMENT VALUES ('Genie chimique et biotechnologie', 'GChim', 'D7');
INSERT INTO DEPARTEMENT VALUES ('Genie civil et du batiment', 'GCiv', 'C2');

INSERT INTO MEMBRE VALUES ('ronk2602', 'Kevin', 'Rondeau', 'GEGI');
INSERT INTO MEMBRE VALUES ('ronm0401', 'Mark', 'Ronald', 'GCiv');
INSERT INTO MEMBRE VALUES ('smij0703', 'John', 'Smith', 'GChim');
INSERT INTO MEMBRE VALUES ('robw0110', 'William', 'Robinson', 'GEGI');
INSERT INTO MEMBRE VALUES ('wilc0817', 'Charles', 'Williams', 'GEGI');
INSERT INTO MEMBRE VALUES ('jamd0219', 'David', 'Jameson', 'GM');
INSERT INTO MEMBRE VALUES ('robj1208', 'John', 'Roberts', 'GEGI');
INSERT INTO MEMBRE VALUES ('bakd0311', 'Daniel', 'Baker', 'GCiv');
INSERT INTO MEMBRE VALUES ('grem0215', 'Michael', 'Green', 'GEGI');
INSERT INTO MEMBRE VALUES ('ricj0412', 'James', 'Richardson', 'GChim');
INSERT INTO MEMBRE VALUES ('parl0109', 'Lisa', 'Parker', 'GEGI');
INSERT INTO MEMBRE VALUES ('wilk0121', 'Karen', 'Wilson', 'GM');
INSERT INTO MEMBRE VALUES ('morj0905', 'Jennifer', 'Morris', 'GEGI');
INSERT INTO MEMBRE VALUES ('thom0114', 'Jessica', 'Thompson', 'GChim');
INSERT INTO MEMBRE VALUES ('hill0623', 'Robert', 'Hill', 'GEGI');
INSERT INTO MEMBRE VALUES ('broa0223', 'Andrew', 'Brooks', 'GEGI');
INSERT INTO MEMBRE VALUES ('powm0308', 'Matthew', 'Powell', 'GCiv');
INSERT INTO MEMBRE VALUES ('robg0125', 'George', 'Robinson', 'GEGI');
INSERT INTO MEMBRE VALUES ('patl0315', 'Elizabeth', 'Paterson', 'GEGI');
INSERT INTO MEMBRE VALUES ('johw0320', 'William', 'Johnson', 'GM');
INSERT INTO MEMBRE VALUES ('rinm0510', 'Michael', 'Riley', 'GEGI');
INSERT INTO MEMBRE VALUES ('whij0325', 'John', 'White', 'GChim');
INSERT INTO MEMBRE VALUES ('jamj1009', 'Jessica', 'James', 'GEGI');
INSERT INTO MEMBRE VALUES ('hill0901', 'Daniel', 'Hill', 'GCiv');
INSERT INTO MEMBRE VALUES ('robj1122', 'James', 'Robinson', 'GEGI');
INSERT INTO MEMBRE VALUES ('bakj0420', 'Jennifer', 'Baker', 'GEGI');
INSERT INTO MEMBRE VALUES ('walr0626', 'Richard', 'Walker', 'GM');
INSERT INTO MEMBRE VALUES ('morj0323', 'Jonathan', 'Morris', 'GEGI');
INSERT INTO MEMBRE VALUES ('taym0404', 'Michael', 'Taylor', 'GChim');
INSERT INTO MEMBRE VALUES ('whij0823', 'Jessica', 'White', 'GEGI');
INSERT INTO MEMBRE VALUES ('harm0228', 'Melissa', 'Harper', 'GEGI');
INSERT INTO MEMBRE VALUES ('carm0716', 'Steven', 'Carson', 'GCiv');
INSERT INTO MEMBRE VALUES ('robk0521', 'Kenneth', 'Roberts', 'GEGI');
INSERT INTO MEMBRE VALUES ('wilj1125', 'Jennifer', 'Williams', 'GEGI');
INSERT INTO MEMBRE VALUES ('bakd0507', 'David', 'Baker', 'GM');
INSERT INTO MEMBRE VALUES ('morj0929', 'Joseph', 'Morris', 'GEGI');
INSERT INTO MEMBRE VALUES ('parl0103', 'Thomas', 'Parker', 'GChim');
INSERT INTO MEMBRE VALUES ('thom0815', 'Emily', 'Thomas', 'GEGI');
INSERT INTO MEMBRE VALUES ('harr0629', 'Ryan', 'Harris', 'GCiv');
INSERT INTO MEMBRE VALUES ('robg0712', 'Gregory', 'Robinson', 'GEGI');
INSERT INTO MEMBRE VALUES ('colc0802', 'Christopher', 'Coleman', 'GEGI');
INSERT INTO MEMBRE VALUES ('morr0227', 'Rebecca', 'Morris', 'GM');
INSERT INTO MEMBRE VALUES ('johs0522', 'Sarah', 'Johnson', 'GEGI');
INSERT INTO MEMBRE VALUES ('robk0409', 'Kimberly', 'Roberts', 'GChim');
INSERT INTO MEMBRE VALUES ('stoj0120', 'John', 'Stone', 'GEGI');
INSERT INTO MEMBRE VALUES ('harm0605', 'Elizabeth', 'Harper', 'GEGI');
INSERT INTO MEMBRE VALUES ('davl0819', 'Victoria', 'Davis', 'GCiv');
INSERT INTO MEMBRE VALUES ('robj0728', 'Jeffrey', 'Roberts', 'GEGI');
INSERT INTO MEMBRE VALUES ('bakm0516', 'Michelle', 'Baker', 'GEGI');
INSERT INTO MEMBRE VALUES ('wals0622', 'Stephanie', 'Walker', 'GM');
INSERT INTO MEMBRE VALUES ('morj0107', 'David', 'Morris', 'GEGI');
INSERT INTO MEMBRE VALUES ('tayj0519', 'Jessica', 'Taylor', 'GChim');
INSERT INTO MEMBRE VALUES ('parr0922', 'Andrew', 'Parker', 'GEGI');
INSERT INTO MEMBRE VALUES ('johw0115', 'Emily', 'Johnson', 'GEGI');
INSERT INTO MEMBRE VALUES ('ricj1010', 'Joshua', 'Richardson', 'GCiv');
INSERT INTO MEMBRE VALUES ('robg0327', 'Steven', 'Robinson', 'GEGI');
INSERT INTO MEMBRE VALUES ('bakj0720', 'Julia', 'Baker', 'GEGI');
INSERT INTO MEMBRE VALUES ('walr0326', 'Rebecca', 'Walker', 'GM');
INSERT INTO MEMBRE VALUES ('morj0914', 'Jack', 'Morris', 'GEGI');
INSERT INTO MEMBRE VALUES ('taym0125', 'Megan', 'Taylor', 'GChim');
INSERT INTO MEMBRE VALUES ('parr0517', 'Nicholas', 'Parker', 'GEGI');
INSERT INTO MEMBRE VALUES ('johw0202', 'Olivia', 'Johnson', 'GEGI');
INSERT INTO MEMBRE VALUES ('ricj1115', 'Sophia', 'Richardson', 'GCiv');
INSERT INTO MEMBRE VALUES ('robg0323', 'Tyler', 'Robinson', 'GEGI');
INSERT INTO MEMBRE VALUES ('bakj0225', 'Jacob', 'Baker', 'GEGI');
INSERT INTO MEMBRE VALUES ('morj0318', 'Emily', 'Morris', 'GEGI');
INSERT INTO MEMBRE VALUES ('tayj0221', 'Andrew', 'Taylor', 'GChim');
INSERT INTO MEMBRE VALUES ('parr0105', 'Abigail', 'Parker', 'GEGI');
INSERT INTO MEMBRE VALUES ('johw0225', 'Nathan', 'Johnson', 'GEGI');
INSERT INTO MEMBRE VALUES ('ricj0710', 'Liam', 'Richardson', 'GCiv');
INSERT INTO MEMBRE VALUES ('robg0423', 'Ava', 'Robinson', 'GEGI');
INSERT INTO MEMBRE VALUES ('walr0726', 'Elijah', 'Walker', 'GM');
INSERT INTO MEMBRE VALUES ('morj0421', 'Grace', 'Morris', 'GEGI');
INSERT INTO MEMBRE VALUES ('taym0325', 'Ryan', 'Taylor', 'GChim');
INSERT INTO MEMBRE VALUES ('parr0217', 'Hannah', 'Parker', 'GEGI');
INSERT INTO MEMBRE VALUES ('johw0110', 'Lucas', 'Johnson', 'GEGI');
INSERT INTO MEMBRE VALUES ('ricj0308', 'Jackson', 'Richardson', 'GCiv');
INSERT INTO MEMBRE VALUES ('robg0512', 'Madison', 'Robinson', 'GEGI');
INSERT INTO MEMBRE VALUES ('bakj0320', 'Avery', 'Baker', 'GEGI');
INSERT INTO MEMBRE VALUES ('walr0806', 'Scarlett', 'Walker', 'GM');
INSERT INTO MEMBRE VALUES ('morj0312', 'Chloe', 'Morris', 'GEGI');
INSERT INTO MEMBRE VALUES ('tayj0924', 'Ethan', 'Taylor', 'GChim');
INSERT INTO MEMBRE VALUES ('parr0419', 'Evelyn', 'Parker', 'GEGI');
INSERT INTO MEMBRE VALUES ('johw0828', 'Logan', 'Johnson', 'GEGI');

INSERT INTO STATUT VALUES (0,'Administrateur');
INSERT INTO STATUT VALUES (1,'Etudiant');
INSERT INTO STATUT VALUES (2,'Professeur');
INSERT INTO STATUT VALUES (3,'Personel de soutien');

INSERT INTO STATUTMEMBRE VALUES (0, 'ronk2602');
INSERT INTO STATUTMEMBRE VALUES (1, 'ronm0401');
INSERT INTO STATUTMEMBRE VALUES (2, 'smij0703');
INSERT INTO STATUTMEMBRE VALUES (0, 'robw0110');
INSERT INTO STATUTMEMBRE VALUES (0, 'wilc0817');
INSERT INTO STATUTMEMBRE VALUES (1, 'jamd0219');
INSERT INTO STATUTMEMBRE VALUES (0, 'robj1208');
INSERT INTO STATUTMEMBRE VALUES (2, 'bakd0311');
INSERT INTO STATUTMEMBRE VALUES (0, 'grem0215');
INSERT INTO STATUTMEMBRE VALUES (2, 'ricj0412');
INSERT INTO STATUTMEMBRE VALUES (0, 'parl0109');
INSERT INTO STATUTMEMBRE VALUES (1, 'wilk0121');
INSERT INTO STATUTMEMBRE VALUES (0, 'morj0905');
INSERT INTO STATUTMEMBRE VALUES (3, 'thom0114');
INSERT INTO STATUTMEMBRE VALUES (3, 'hill0623');
INSERT INTO STATUTMEMBRE VALUES (3, 'broa0223');
INSERT INTO STATUTMEMBRE VALUES (3, 'powm0308');
INSERT INTO STATUTMEMBRE VALUES (3, 'robg0125');

INSERT INTO STATUT_Privileges VALUES ('Peut acceder au bureaux de l''administration', 0);
INSERT INTO STATUT_Privileges VALUES ('Acces limite', 1);
INSERT INTO STATUT_Privileges VALUES ('Peut reserver les salons d''enseignants', 2);
INSERT INTO STATUT_Privileges VALUES ('Peut acceder a toutes les salles', 3);

INSERT INTO CUBICULE VALUES (0, '3014', 'C1');
INSERT INTO CUBICULE VALUES (1, '3014', 'C1');
INSERT INTO CUBICULE VALUES (2, '3014', 'C1');
INSERT INTO CUBICULE VALUES (3, '3014', 'C1');
INSERT INTO CUBICULE VALUES (4, '3014', 'C1');
INSERT INTO CUBICULE VALUES (5, '5012', 'C1');
INSERT INTO CUBICULE VALUES (6, '5012', 'C1');
INSERT INTO CUBICULE VALUES (7, '5012', 'C1');
INSERT INTO CUBICULE VALUES (8, '3018', 'C1');

INSERT INTO RESERVATION VALUES (0, '2023-09-12 12:30:00', '2023-09-12 13:30:00', '3018', 'C1', 'ronk2602', 'on doit vrm faire l''app, ayaye', 8);
INSERT INTO RESERVATION VALUES ('1','2021-09-28 08:00:00','2021-09-28 10:00:00','1007','C1','taym0125','Net Neutrality');
INSERT INTO RESERVATION VALUES ('2','2021-09-29 08:00:00','2021-09-29 10:00:00','1007','C1','taym0125','Net Neutrality');
INSERT INTO RESERVATION VALUES ('3','2021-09-28 08:30:00','2021-09-28 10:00:00','2018','C1','parl0103','Big Data');
INSERT INTO RESERVATION VALUES ('4','2021-09-28 09:00:00','2021-09-28 10:00:00','2055','C1','parl0103','Data Mining');
INSERT INTO RESERVATION VALUES ('5','2021-09-28 10:00:00','2021-09-28 12:00:00','3014','C1','robj1122','Actionable Analytics');
INSERT INTO RESERVATION VALUES ('6','2021-09-28 11:00:00','2021-09-28 15:00:00','4019','C1','robj1122','Artificial Intelligence');
--INSERT INTO RESERVATION VALUES (34,'2021-09-28 11:00:00','2021-09-28 15:00:00','4019','C1','robj1122','Artificial Intelligence');
--INSERT INTO RESERVATION VALUES (7,'2021-09-28 10:30:00','2021-09-28 16:00:00','4023','C1','robj1122','Machine Learning');
--INSERT INTO RESERVATION VALUES (8,'2021-09-28 12:00:00','2021-09-28 18:45:00','3035','C1','robj1122','Personalization');
UPDATE RESERVATION SET local_num = 2018 WHERE reserve_id = '2';
DELETE FROM RESERVATION WHERE reserve_id = '6';

INSERT INTO RESERVATION VALUES ('8','2021-09-28 10:30:00','2021-09-28 12:00:00','5012','C1','robj1122','Machine Learning',5);
INSERT INTO RESERVATION VALUES ('11','2021-09-28 10:30:00','2021-09-28 12:00:00','5012','C1','robj1122','Machine Learning',6);
--INSERT INTO RESERVATION VALUES (9,'2021-09-28 8:00:00','2021-09-28 10:00:00','1007','C1','parl0103','Net Neutrality');